consultation_id,consultant_id,customer_id,start_time,end_time,consultation_date,resolution_type,satisfaction_score
1,4,53,2025-07-08 13:54:24,2025-07-08 14:22:24,2025-07-08,반려,4
2,5,14,2025-07-16 15:39:39,2025-07-16 16:17:39,2025-07-16,보류,5
3,10,136,2025-08-12 17:24:54,2025-08-12 17:31:54,2025-08-12,이관,4
4,3,176,2025-06-04 16:25:28,2025-06-04 16:32:28,2025-06-04,보류,3
5,8,76,2025-07-18 13:54:25,2025-07-18 14:23:25,2025-07-18,보류,4
6,1,14,2025-07-21 15:39:40,2025-07-21 15:55:40,2025-07-21,완료,3
7,14,116,2025-06-11 17:24:55,2025-06-11 17:37:55,2025-06-11,완료,3
8,6,29,2025-07-22 10:09:10,2025-07-22 10:34:10,2025-07-22,이관,5
9,1,9,2025-06-25 13:55:25,2025-06-25 14:33:25,2025-06-25,반려,5
10,6,72,2025-07-22 15:40:40,2025-07-22 16:13:40,2025-07-22,이관,4
11,8,163,2025-07-03 17:25:55,2025-07-03 17:34:55,2025-07-03,반려,3
12,9,176,2025-08-13 10:10:11,2025-08-13 10:49:11,2025-08-13,보류,4
13,14,33,2025-07-14 17:56:19,2025-07-14 18:32:19,2025-07-14,반려,3
14,8,154,2025-06-17 15:40:41,2025-06-17 15:50:41,2025-06-17,반려,4
15,9,89,2025-08-05 17:25:56,2025-08-05 17:54:56,2025-08-05,완료,4
16,6,15,2025-07-14 10:10:11,2025-07-14 10:40:11,2025-07-14,보류,3
17,1,4,2025-07-29 13:55:26,2025-07-29 14:07:26,2025-07-29,이관,3
18,6,189,2025-07-17 16:28:35,2025-07-17 17:00:35,2025-07-17,반려,4
19,3,200,2025-07-22 17:25:57,2025-07-22 17:50:57,2025-07-22,이관,5
20,8,66,2025-07-01 10:09:59,2025-07-01 10:48:59,2025-07-01,완료,5
21,13,59,2025-06-18 14:10:38,2025-06-18 14:16:38,2025-06-18,보류,3
22,11,20,2025-06-24 15:41:42,2025-06-24 16:20:42,2025-06-24,완료,5
23,8,3,2025-06-24 17:26:57,2025-06-24 18:10:57,2025-06-24,보류,5
24,14,30,2025-06-03 10:11:12,2025-06-03 10:20:12,2025-06-03,보류,5
25,10,26,2025-08-12 13:56:27,2025-08-12 14:16:27,2025-08-12,완료,5
26,7,5,2025-07-30 15:41:43,2025-07-30 15:46:43,2025-07-30,이관,5
27,15,100,2025-07-29 17:26:58,2025-07-29 18:10:58,2025-07-29,이관,5
28,15,99,2025-07-29 10:11:13,2025-07-29 10:54:13,2025-07-29,보류,4
29,10,133,2025-08-18 13:56:28,2025-08-18 14:38:28,2025-08-18,보류,3
30,4,143,2025-08-06 15:41:43,2025-08-06 16:06:43,2025-08-06,보류,3
31,11,104,2025-06-03 17:26:58,2025-06-03 17:56:58,2025-06-03,보류,3
32,10,180,2025-06-17 10:11:13,2025-06-17 10:20:13,2025-06-17,보류,4
33,10,42,2025-06-10 13:56:29,2025-06-10 14:29:29,2025-06-10,반려,5
34,5,198,2025-08-07 15:41:44,2025-08-07 16:25:44,2025-08-07,보류,5
35,1,125,2025-08-01 15:01:23,2025-08-01 15:30:23,2025-08-01,반려,5
36,14,156,2025-06-10 09:36:26,2025-06-10 10:17:26,2025-06-10,완료,3
37,11,172,2025-07-03 13:57:29,2025-07-03 14:40:29,2025-07-03,완료,3
38,7,113,2025-07-07 15:42:44,2025-07-07 16:15:44,2025-07-07,완료,5
39,5,151,2025-08-12 15:19:23,2025-08-12 15:50:23,2025-08-12,이관,3
40,13,134,2025-07-01 10:12:15,2025-07-01 10:49:15,2025-07-01,이관,5
41,9,104,2025-08-19 13:57:30,2025-08-19 14:30:30,2025-08-19,보류,4
42,12,13,2025-06-03 15:42:45,2025-06-03 16:12:45,2025-06-03,완료,5
43,8,111,2025-07-29 17:27:00,2025-07-29 18:03:00,2025-07-29,완료,3
44,6,174,2025-07-10 10:12:15,2025-07-10 10:54:15,2025-07-10,보류,4
45,2,149,2025-06-13 10:48:36,2025-06-13 11:26:36,2025-06-13,이관,4
46,4,38,2025-08-01 15:42:45,2025-08-01 16:01:45,2025-08-01,완료,3
47,1,93,2025-06-12 17:27:01,2025-06-12 18:09:01,2025-06-12,반려,4
48,7,99,2025-06-25 14:57:37,2025-06-25 15:11:37,2025-06-25,이관,4
49,14,1,2025-07-11 13:58:31,2025-07-11 14:10:31,2025-07-11,완료,5
50,6,190,2025-06-25 15:43:46,2025-06-25 15:50:46,2025-06-25,이관,5
51,6,36,2025-07-10 11:23:21,2025-07-10 11:59:21,2025-07-10,반려,4
52,8,111,2025-08-01 10:13:16,2025-08-01 10:21:16,2025-08-01,이관,3
53,11,15,2025-06-17 13:58:31,2025-06-17 14:39:31,2025-06-17,이관,4
54,8,20,2025-07-29 15:43:47,2025-07-29 16:19:47,2025-07-29,반려,4
55,6,95,2025-07-29 17:28:02,2025-07-29 17:59:02,2025-07-29,이관,4
56,3,104,2025-07-08 14:23:13,2025-07-08 14:30:13,2025-07-08,이관,4
57,9,185,2025-06-24 13:58:32,2025-06-24 14:31:32,2025-06-24,완료,4
58,4,179,2025-06-27 15:43:47,2025-06-27 15:48:47,2025-06-27,보류,5
59,5,142,2025-06-23 17:28:02,2025-06-23 17:42:02,2025-06-23,이관,3
60,15,88,2025-06-12 11:58:32,2025-06-12 12:15:32,2025-06-12,반려,3
61,10,39,2025-06-26 17:40:32,2025-06-26 17:56:32,2025-06-26,완료,5
62,3,61,2025-06-09 14:32:35,2025-06-09 15:00:35,2025-06-09,보류,3
63,2,198,2025-07-28 17:29:03,2025-07-28 17:38:03,2025-07-28,반려,3
64,1,90,2025-08-19 10:14:18,2025-08-19 10:21:18,2025-08-19,완료,4
65,8,58,2025-07-08 13:59:33,2025-07-08 14:32:33,2025-07-08,보류,4
66,13,155,2025-06-17 15:44:48,2025-06-17 16:09:48,2025-06-17,완료,4
67,3,72,2025-08-12 17:29:03,2025-08-12 17:38:03,2025-08-12,보류,3
68,11,83,2025-06-27 10:14:19,2025-06-27 10:46:19,2025-06-27,이관,4
69,6,166,2025-07-08 11:06:29,2025-07-08 11:46:29,2025-07-08,완료,5
70,14,50,2025-07-22 15:44:49,2025-07-22 16:01:49,2025-07-22,완료,3
71,10,67,2025-07-14 09:08:46,2025-07-14 09:45:46,2025-07-14,완료,3
72,13,31,2025-08-19 10:14:19,2025-08-19 10:36:19,2025-08-19,반려,5
73,4,100,2025-07-15 13:59:34,2025-07-15 14:24:34,2025-07-15,완료,4
74,8,163,2025-07-03 14:28:17,2025-07-03 15:10:17,2025-07-03,보류,5
75,15,132,2025-06-19 17:30:05,2025-06-19 18:14:05,2025-06-19,반려,4
76,10,44,2025-07-16 10:15:20,2025-07-16 10:32:20,2025-07-16,완료,4
77,5,166,2025-07-23 13:00:35,2025-07-23 13:19:35,2025-07-23,보류,3
78,2,18,2025-07-11 15:45:50,2025-07-11 16:24:50,2025-07-11,반려,5
79,9,120,2025-06-06 09:19:32,2025-06-06 09:48:32,2025-06-06,이관,4
80,3,163,2025-07-31 10:15:20,2025-07-31 10:57:20,2025-07-31,완료,5
81,2,144,2025-06-17 13:00:35,2025-06-17 13:18:35,2025-06-17,보류,4
82,8,3,2025-06-02 15:45:51,2025-06-02 16:07:51,2025-06-02,완료,4
83,9,120,2025-07-01 17:30:06,2025-07-01 17:40:06,2025-07-01,반려,3
84,11,27,2025-07-22 16:30:23,2025-07-22 16:56:23,2025-07-22,이관,4
85,7,94,2025-08-26 13:00:36,2025-08-26 13:37:36,2025-08-26,이관,5
86,15,47,2025-06-06 15:45:51,2025-06-06 15:53:51,2025-06-06,이관,4
87,5,52,2025-07-22 17:31:06,2025-07-22 18:05:06,2025-07-22,이관,5
88,15,58,2025-06-23 10:16:21,2025-06-23 10:25:21,2025-06-23,완료,5
89,5,82,2025-07-24 13:01:37,2025-07-24 13:23:37,2025-07-24,보류,4
90,1,35,2025-06-13 15:46:52,2025-06-13 16:15:52,2025-06-13,보류,5
91,11,55,2025-08-08 17:31:07,2025-08-08 18:12:07,2025-08-08,보류,4
92,7,136,2025-07-22 10:16:22,2025-07-22 10:57:22,2025-07-22,보류,4
93,15,14,2025-07-03 13:01:37,2025-07-03 13:42:37,2025-07-03,이관,5
94,9,124,2025-06-17 15:46:52,2025-06-17 16:08:52,2025-06-17,이관,4
95,9,69,2025-08-14 13:24:16,2025-08-14 14:06:16,2025-08-14,이관,5
96,6,136,2025-06-05 10:16:23,2025-06-05 10:49:23,2025-06-05,보류,3
97,3,14,2025-08-21 13:01:38,2025-08-21 13:20:38,2025-08-21,반려,4
98,12,70,2025-07-31 15:46:53,2025-07-31 16:10:53,2025-07-31,완료,3
99,4,101,2025-08-04 17:31:08,2025-08-04 17:37:08,2025-08-04,반려,5
100,8,192,2025-08-25 10:17:23,2025-08-25 10:26:23,2025-08-25,보류,4
101,7,194,2025-06-06 13:02:38,2025-06-06 13:28:38,2025-06-06,이관,4
102,9,93,2025-08-19 15:47:53,2025-08-19 16:10:53,2025-08-19,반려,3
103,5,190,2025-06-18 17:32:09,2025-06-18 18:14:09,2025-06-18,반려,5
104,5,65,2025-08-26 10:17:24,2025-08-26 10:35:24,2025-08-26,이관,4
105,7,198,2025-07-15 13:02:39,2025-07-15 13:41:39,2025-07-15,이관,5
106,2,46,2025-08-05 15:47:54,2025-08-05 16:30:54,2025-08-05,완료,5
107,5,78,2025-07-21 17:32:09,2025-07-21 17:46:09,2025-07-21,보류,3
108,3,154,2025-08-22 10:17:24,2025-08-22 10:58:24,2025-08-22,반려,3
109,4,61,2025-06-17 13:02:39,2025-06-17 13:29:39,2025-06-17,반려,5
110,3,168,2025-06-06 15:12:05,2025-06-06 15:23:05,2025-06-06,이관,5
111,4,168,2025-08-05 17:32:10,2025-08-05 18:02:10,2025-08-05,보류,3
112,4,23,2025-07-08 10:17:25,2025-07-08 10:28:25,2025-07-08,반려,3
113,6,33,2025-06-26 13:03:40,2025-06-26 13:33:40,2025-06-26,보류,5
114,5,68,2025-07-08 16:10:05,2025-07-08 16:37:05,2025-07-08,완료,5
115,15,147,2025-06-02 17:33:10,2025-06-02 17:51:10,2025-06-02,보류,3
116,5,57,2025-08-12 10:18:25,2025-08-12 10:32:25,2025-08-12,보류,3
117,2,126,2025-06-05 11:27:14,2025-06-05 11:35:14,2025-06-05,완료,5
118,10,25,2025-07-02 15:48:56,2025-07-02 16:00:56,2025-07-02,보류,5
119,5,13,2025-06-18 17:33:11,2025-06-18 18:16:11,2025-06-18,완료,5
120,13,181,2025-08-22 10:18:26,2025-08-22 11:00:26,2025-08-22,완료,3
121,8,63,2025-07-22 13:03:41,2025-07-22 13:13:41,2025-07-22,완료,4
122,15,129,2025-06-17 15:48:56,2025-06-17 15:54:56,2025-06-17,완료,3
123,2,181,2025-06-24 17:33:11,2025-06-24 18:06:11,2025-06-24,이관,3
124,8,139,2025-07-01 10:18:27,2025-07-01 10:54:27,2025-07-01,이관,4
125,2,91,2025-07-15 13:03:42,2025-07-15 13:25:42,2025-07-15,이관,4
126,12,26,2025-07-15 15:49:57,2025-07-15 16:02:57,2025-07-15,반려,5
127,4,81,2025-08-04 09:43:19,2025-08-04 09:59:19,2025-08-04,이관,4
128,13,68,2025-07-01 10:19:27,2025-07-01 10:39:27,2025-07-01,완료,5
129,10,159,2025-07-04 13:04:42,2025-07-04 13:21:42,2025-07-04,보류,5
130,15,128,2025-06-11 15:49:57,2025-06-11 16:24:57,2025-06-11,이관,4
131,1,181,2025-08-08 17:34:13,2025-08-08 17:45:13,2025-08-08,완료,3
132,11,188,2025-07-15 10:19:28,2025-07-15 10:50:28,2025-07-15,완료,3
133,14,88,2025-07-01 13:04:43,2025-07-01 13:16:43,2025-07-01,반려,5
134,14,70,2025-06-30 15:49:58,2025-06-30 16:32:58,2025-06-30,반려,5
135,12,191,2025-07-16 17:34:13,2025-07-16 18:12:13,2025-07-16,완료,5
136,1,23,2025-07-04 10:19:28,2025-07-04 10:48:28,2025-07-04,이관,4
137,1,167,2025-07-29 13:04:43,2025-07-29 13:41:43,2025-07-29,보류,3
138,11,166,2025-07-01 15:49:59,2025-07-01 16:19:59,2025-07-01,보류,4
139,12,88,2025-06-30 17:35:14,2025-06-30 18:00:14,2025-06-30,반려,5
140,9,26,2025-08-18 10:20:29,2025-08-18 10:51:29,2025-08-18,이관,3
141,1,38,2025-06-10 13:05:44,2025-06-10 13:16:44,2025-06-10,완료,4
142,13,171,2025-08-12 15:50:59,2025-08-12 16:26:59,2025-08-12,완료,3
143,3,42,2025-07-11 17:35:14,2025-07-11 18:09:14,2025-07-11,완료,5
144,4,21,2025-08-20 11:53:37,2025-08-20 12:08:37,2025-08-20,이관,5
145,3,74,2025-08-08 11:49:26,2025-08-08 11:57:26,2025-08-08,반려,4
146,10,172,2025-07-16 15:50:00,2025-07-16 16:28:00,2025-07-16,보류,5
147,12,147,2025-08-19 17:35:15,2025-08-19 18:00:15,2025-08-19,반려,5
148,5,130,2025-06-19 10:20:30,2025-06-19 11:00:30,2025-06-19,반려,4
149,2,198,2025-07-01 13:05:45,2025-07-01 13:22:45,2025-07-01,완료,3
150,4,101,2025-07-10 10:56:49,2025-07-10 11:09:49,2025-07-10,보류,5
151,6,2,2025-06-17 11:04:05,2025-06-17 11:26:05,2025-06-17,보류,3
152,15,86,2025-07-15 10:21:31,2025-07-15 10:33:31,2025-07-15,보류,3
153,11,55,2025-08-12 13:06:46,2025-08-12 13:33:46,2025-08-12,반려,5
154,10,138,2025-08-26 15:51:01,2025-08-26 16:16:01,2025-08-26,보류,4
155,3,81,2025-06-16 17:36:16,2025-06-16 18:17:16,2025-06-16,완료,4
156,7,171,2025-06-20 17:40:14,2025-06-20 17:54:14,2025-06-20,반려,4
157,11,148,2025-08-01 11:31:15,2025-08-01 11:52:15,2025-08-01,보류,5
158,12,144,2025-06-05 15:51:01,2025-06-05 16:22:01,2025-06-05,보류,4
159,13,106,2025-07-18 17:36:17,2025-07-18 18:18:17,2025-07-18,완료,5
160,2,198,2025-08-20 10:21:32,2025-08-20 10:40:32,2025-08-20,보류,3
161,11,3,2025-07-30 15:27:38,2025-07-30 16:07:38,2025-07-30,보류,3
162,14,122,2025-08-22 15:51:02,2025-08-22 16:28:02,2025-08-22,반려,4
163,15,145,2025-08-19 17:36:17,2025-08-19 17:44:17,2025-08-19,반려,4
164,8,142,2025-06-27 14:06:27,2025-06-27 14:21:27,2025-06-27,완료,5
165,8,14,2025-06-17 13:07:47,2025-06-17 13:37:47,2025-06-17,반려,4
166,2,95,2025-07-17 15:52:03,2025-07-17 16:28:03,2025-07-17,이관,5
167,13,171,2025-07-08 17:37:18,2025-07-08 17:57:18,2025-07-08,이관,3
168,3,4,2025-06-10 10:22:33,2025-06-10 10:43:33,2025-06-10,이관,4
169,4,188,2025-06-06 11:27:17,2025-06-06 11:43:17,2025-06-06,반려,4
170,10,59,2025-06-24 15:52:03,2025-06-24 16:26:03,2025-06-24,반려,4
171,15,43,2025-07-01 17:37:18,2025-07-01 18:06:18,2025-07-01,완료,3
172,6,178,2025-08-12 10:22:33,2025-08-12 11:06:33,2025-08-12,완료,5
173,14,34,2025-07-01 13:07:49,2025-07-01 13:46:49,2025-07-01,완료,4
174,7,11,2025-08-08 15:52:04,2025-08-08 15:57:04,2025-08-08,반려,5
175,2,85,2025-07-29 17:37:19,2025-07-29 18:14:19,2025-07-29,완료,5
176,1,109,2025-06-25 10:22:34,2025-06-25 10:55:34,2025-06-25,이관,3
177,6,101,2025-06-09 13:41:19,2025-06-09 14:04:19,2025-06-09,반려,5
178,6,11,2025-07-30 15:53:04,2025-07-30 16:03:04,2025-07-30,보류,3
179,5,188,2025-08-06 17:38:19,2025-08-06 18:07:19,2025-08-06,보류,4
180,8,12,2025-08-21 11:12:34,2025-08-21 11:38:34,2025-08-21,반려,5
181,6,68,2025-07-29 13:08:50,2025-07-29 13:43:50,2025-07-29,완료,4
182,3,136,2025-08-08 15:53:05,2025-08-08 16:03:05,2025-08-08,이관,4
183,11,39,2025-08-04 17:38:20,2025-08-04 18:14:20,2025-08-04,완료,5
184,9,107,2025-06-24 10:23:35,2025-06-24 10:29:35,2025-06-24,반려,5
185,6,97,2025-06-10 09:45:44,2025-06-10 10:12:44,2025-06-10,완료,5
186,2,134,2025-07-25 15:53:05,2025-07-25 16:20:05,2025-07-25,보류,3
187,2,35,2025-07-22 17:38:21,2025-07-22 18:11:21,2025-07-22,완료,4
188,14,106,2025-07-08 10:23:36,2025-07-08 10:50:36,2025-07-08,이관,4
189,3,27,2025-06-20 09:43:03,2025-06-20 10:04:03,2025-06-20,반려,3
190,6,8,2025-06-23 15:53:06,2025-06-23 16:21:06,2025-06-23,보류,3
191,14,51,2025-06-26 11:13:10,2025-06-26 11:54:10,2025-06-26,이관,3
192,13,90,2025-06-25 16:40:21,2025-06-25 17:16:21,2025-06-25,이관,5
193,8,58,2025-07-15 13:09:51,2025-07-15 13:44:51,2025-07-15,이관,3
194,10,133,2025-06-18 15:54:07,2025-06-18 16:32:07,2025-06-18,보류,5
195,8,99,2025-07-02 17:36:02,2025-07-02 17:42:02,2025-07-02,반려,5
196,15,4,2025-07-01 10:24:37,2025-07-01 11:03:37,2025-07-01,이관,3
197,11,156,2025-08-19 13:09:52,2025-08-19 13:16:52,2025-08-19,완료,5
198,10,10,2025-08-20 10:41:42,2025-08-20 10:55:42,2025-08-20,이관,3
199,12,43,2025-06-13 17:39:22,2025-06-13 18:10:22,2025-06-13,반려,3
200,13,142,2025-07-29 10:24:37,2025-07-29 10:35:37,2025-07-29,이관,4
201,9,197,2025-07-18 15:22:45,2025-07-18 15:58:45,2025-07-18,반려,5
202,13,16,2025-08-12 15:21:49,2025-08-12 15:26:49,2025-08-12,완료,5
203,2,103,2025-07-22 17:39:23,2025-07-22 18:10:23,2025-07-22,이관,3
204,5,37,2025-07-30 10:25:38,2025-07-30 11:01:38,2025-07-30,이관,4
205,10,105,2025-08-14 13:10:53,2025-08-14 13:21:53,2025-08-14,이관,3
206,14,110,2025-07-02 15:55:08,2025-07-02 16:26:08,2025-07-02,보류,5
207,12,47,2025-08-12 17:40:23,2025-08-12 18:24:23,2025-08-12,반려,4
208,9,160,2025-08-26 10:25:39,2025-08-26 10:54:39,2025-08-26,보류,3
209,3,28,2025-07-01 13:10:54,2025-07-01 13:50:54,2025-07-01,보류,4
210,5,34,2025-06-10 15:55:09,2025-06-10 16:01:09,2025-06-10,이관,5
211,4,150,2025-06-26 17:40:24,2025-06-26 18:16:24,2025-06-26,보류,4
212,11,77,2025-06-20 10:25:39,2025-06-20 10:46:39,2025-06-20,반려,4
213,7,84,2025-08-05 13:10:54,2025-08-05 13:51:54,2025-08-05,완료,5
214,4,125,2025-06-10 15:55:09,2025-06-10 16:04:09,2025-06-10,보류,5
215,9,154,2025-07-28 09:24:32,2025-07-28 09:33:32,2025-07-28,보류,4
216,11,104,2025-06-23 10:25:40,2025-06-23 11:02:40,2025-06-23,이관,4
217,1,74,2025-08-19 13:11:55,2025-08-19 13:53:55,2025-08-19,완료,3
218,10,175,2025-07-11 15:56:10,2025-07-11 16:15:10,2025-07-11,완료,5
219,15,35,2025-06-18 17:41:25,2025-06-18 18:06:25,2025-06-18,이관,4
220,14,52,2025-08-20 10:26:40,2025-08-20 11:08:40,2025-08-20,완료,4
221,5,107,2025-07-01 13:11:55,2025-07-01 13:52:55,2025-07-01,완료,5
222,4,193,2025-08-19 15:56:11,2025-08-19 16:34:11,2025-08-19,보류,4
223,11,159,2025-08-01 17:41:26,2025-08-01 18:18:26,2025-08-01,보류,3
224,5,48,2025-08-26 10:26:41,2025-08-26 10:32:41,2025-08-26,반려,3
225,13,171,2025-06-13 13:11:56,2025-06-13 13:34:56,2025-06-13,완료,4
226,1,122,2025-07-01 15:56:11,2025-07-01 16:02:11,2025-07-01,이관,5
227,2,76,2025-07-31 17:41:26,2025-07-31 18:10:26,2025-07-31,이관,5
228,1,53,2025-07-02 10:26:41,2025-07-02 11:01:41,2025-07-02,반려,3
229,3,198,2025-08-19 13:11:57,2025-08-19 13:31:57,2025-08-19,완료,5
230,11,81,2025-08-14 11:57:49,2025-08-14 12:24:49,2025-08-14,이관,5
231,12,17,2025-07-22 17:42:27,2025-07-22 18:20:27,2025-07-22,반려,3
232,10,192,2025-08-20 10:13:35,2025-08-20 10:41:35,2025-08-20,반려,3
233,9,161,2025-06-24 15:30:15,2025-06-24 15:43:15,2025-06-24,반려,5
234,7,3,2025-08-25 15:57:12,2025-08-25 16:12:12,2025-08-25,반려,5
235,1,34,2025-06-02 10:58:34,2025-06-02 11:33:34,2025-06-02,완료,3
236,13,149,2025-08-19 10:27:43,2025-08-19 11:00:43,2025-08-19,이관,4
237,1,140,2025-08-13 10:58:33,2025-08-13 11:19:33,2025-08-13,보류,5
238,12,26,2025-06-23 15:57:13,2025-06-23 16:20:13,2025-06-23,보류,4
239,10,89,2025-07-22 17:42:28,2025-07-22 18:18:28,2025-07-22,반려,4
240,13,90,2025-08-19 10:27:43,2025-08-19 10:43:43,2025-08-19,보류,3
241,10,168,2025-06-12 13:12:58,2025-06-12 13:29:58,2025-06-12,보류,4
242,4,62,2025-08-12 15:57:13,2025-08-12 16:31:13,2025-08-12,반려,3
243,5,10,2025-08-26 17:43:29,2025-08-26 17:58:29,2025-08-26,완료,5
244,12,94,2025-08-19 10:28:44,2025-08-19 10:44:44,2025-08-19,완료,5
245,15,152,2025-06-10 13:13:59,2025-06-10 13:30:59,2025-06-10,보류,3
246,12,115,2025-07-04 15:58:14,2025-07-04 16:30:14,2025-07-04,이관,3
247,4,81,2025-08-12 17:43:29,2025-08-12 18:24:29,2025-08-12,완료,4
248,1,11,2025-06-25 10:28:44,2025-06-25 10:40:44,2025-06-25,반려,3
249,12,109,2025-08-18 13:13:59,2025-08-18 13:54:59,2025-08-18,반려,3
250,9,110,2025-07-15 15:58:15,2025-07-15 16:34:15,2025-07-15,완료,4
251,9,10,2025-07-08 17:43:30,2025-07-08 17:56:30,2025-07-08,반려,5
252,9,139,2025-08-07 15:21:52,2025-08-07 15:56:52,2025-08-07,완료,3
253,13,168,2025-06-27 13:13:00,2025-06-27 13:27:00,2025-06-27,보류,4
254,13,101,2025-07-02 15:58:15,2025-07-02 16:12:15,2025-07-02,반려,4
255,5,182,2025-07-08 17:43:30,2025-07-08 18:20:30,2025-07-08,완료,4
256,13,126,2025-06-10 10:29:45,2025-06-10 10:55:45,2025-06-10,이관,3
257,2,178,2025-08-18 13:14:01,2025-08-18 13:26:01,2025-08-18,반려,5
258,12,182,2025-06-24 15:59:16,2025-06-24 16:31:16,2025-06-24,이관,3
259,13,135,2025-07-03 13:11:30,2025-07-03 13:16:30,2025-07-03,완료,4
260,14,52,2025-06-19 10:29:46,2025-06-19 10:47:46,2025-06-19,보류,3
261,13,107,2025-07-31 13:14:01,2025-07-31 13:47:01,2025-07-31,반려,3
262,12,15,2025-07-01 15:59:16,2025-07-01 16:07:16,2025-07-01,완료,3
263,5,7,2025-07-14 17:44:31,2025-07-14 17:56:31,2025-07-14,보류,4
264,13,120,2025-07-29 10:29:47,2025-07-29 11:13:47,2025-07-29,반려,3
265,8,141,2025-06-27 14:40:50,2025-06-27 15:21:50,2025-06-27,완료,5
266,8,8,2025-07-01 15:59:17,2025-07-01 16:17:17,2025-07-01,완료,3
267,2,195,2025-06-06 17:44:32,2025-06-06 18:04:32,2025-06-06,보류,5
268,15,175,2025-07-21 10:29:47,2025-07-21 10:56:47,2025-07-21,보류,3
269,13,105,2025-06-10 13:15:02,2025-06-10 13:34:02,2025-06-10,완료,4
270,15,62,2025-06-17 15:00:17,2025-06-17 15:23:17,2025-06-17,반려,3
271,6,162,2025-06-16 17:34:02,2025-06-16 18:03:02,2025-06-16,반려,5
272,12,5,2025-07-29 10:30:48,2025-07-29 10:48:48,2025-07-29,완료,3
273,10,149,2025-07-04 13:15:03,2025-07-04 13:45:03,2025-07-04,반려,3
274,7,164,2025-08-19 15:00:18,2025-08-19 15:30:18,2025-08-19,이관,4
275,7,135,2025-06-03 11:29:19,2025-06-03 11:45:19,2025-06-03,보류,4
276,2,187,2025-06-06 10:30:48,2025-06-06 10:51:48,2025-06-06,이관,3
277,15,99,2025-07-09 13:15:03,2025-07-09 13:22:03,2025-07-09,이관,3
278,8,147,2025-08-12 15:00:19,2025-08-12 15:15:19,2025-08-12,완료,3
279,2,197,2025-07-07 17:45:34,2025-07-07 18:18:34,2025-07-07,반려,3
280,8,166,2025-08-14 10:30:49,2025-08-14 10:40:49,2025-08-14,이관,3
281,4,117,2025-07-31 13:15:04,2025-07-31 13:36:04,2025-07-31,반려,3
282,4,116,2025-06-20 15:01:19,2025-06-20 15:35:19,2025-06-20,이관,3
283,2,11,2025-06-24 17:46:34,2025-06-24 18:16:34,2025-06-24,완료,5
284,11,134,2025-07-18 10:31:49,2025-07-18 10:38:49,2025-07-18,반려,5
285,10,178,2025-06-20 13:16:05,2025-06-20 13:28:05,2025-06-20,반려,5
286,6,14,2025-08-25 15:01:20,2025-08-25 15:31:20,2025-08-25,반려,4
287,13,30,2025-07-28 17:46:35,2025-07-28 18:01:35,2025-07-28,보류,4
288,2,15,2025-07-07 10:31:50,2025-07-07 11:00:50,2025-07-07,보류,4
289,13,189,2025-07-04 13:16:05,2025-07-04 13:56:05,2025-07-04,반려,4
290,5,157,2025-07-03 15:01:20,2025-07-03 15:14:20,2025-07-03,보류,4
291,14,117,2025-08-06 17:46:35,2025-08-06 18:15:35,2025-08-06,완료,5
292,6,135,2025-06-27 10:31:51,2025-06-27 10:50:51,2025-06-27,완료,3
293,5,45,2025-08-15 13:16:06,2025-08-15 13:28:06,2025-08-15,반려,5
294,14,73,2025-07-29 15:01:21,2025-07-29 15:25:21,2025-07-29,보류,5
295,7,183,2025-06-12 17:47:36,2025-06-12 18:04:36,2025-06-12,완료,5
296,13,73,2025-07-30 10:32:51,2025-07-30 11:15:51,2025-07-30,반려,4
297,9,71,2025-08-15 16:32:45,2025-08-15 17:06:45,2025-08-15,보류,4
298,14,67,2025-07-29 15:02:21,2025-07-29 15:07:21,2025-07-29,완료,3
299,10,13,2025-07-18 16:33:36,2025-07-18 16:39:36,2025-07-18,이관,5
300,15,59,2025-06-02 16:45:18,2025-06-02 17:20:18,2025-06-02,반려,5
301,5,30,2025-07-24 13:17:07,2025-07-24 13:56:07,2025-07-24,완료,5
302,15,155,2025-07-18 13:08:28,2025-07-18 13:18:28,2025-07-18,보류,5
303,5,11,2025-08-11 17:47:37,2025-08-11 17:56:37,2025-08-11,반려,4
304,14,120,2025-06-10 10:32:52,2025-06-10 11:01:52,2025-06-10,보류,5
305,4,190,2025-07-22 13:17:07,2025-07-22 13:52:07,2025-07-22,보류,5
306,12,115,2025-07-02 10:09:37,2025-07-02 10:53:37,2025-07-02,완료,4
307,12,117,2025-06-16 17:47:38,2025-06-16 18:09:38,2025-06-16,반려,3
308,13,121,2025-06-10 10:33:53,2025-06-10 10:59:53,2025-06-10,보류,4
309,2,197,2025-08-19 13:18:08,2025-08-19 13:39:08,2025-08-19,보류,3
310,9,167,2025-08-13 15:03:23,2025-08-13 15:15:23,2025-08-13,반려,3
311,3,84,2025-06-17 17:48:38,2025-06-17 18:10:38,2025-06-17,이관,5
312,5,126,2025-08-19 17:39:57,2025-08-19 18:09:57,2025-08-19,이관,5
313,6,16,2025-07-21 10:14:01,2025-07-21 10:55:01,2025-07-21,완료,4
314,7,198,2025-07-29 15:03:24,2025-07-29 15:42:24,2025-07-29,완료,4
315,12,30,2025-08-05 17:48:39,2025-08-05 18:19:39,2025-08-05,보류,3
316,12,18,2025-06-17 10:33:54,2025-06-17 10:38:54,2025-06-17,보류,5
317,5,188,2025-07-31 13:18:09,2025-07-31 13:29:09,2025-07-31,이관,5
318,9,5,2025-07-23 15:03:24,2025-07-23 15:39:24,2025-07-23,이관,4
319,14,169,2025-08-11 17:48:39,2025-08-11 18:23:39,2025-08-11,완료,3
320,1,50,2025-07-10 14:37:27,2025-07-10 14:56:27,2025-07-10,이관,4
321,3,158,2025-08-06 17:33:37,2025-08-06 17:51:37,2025-08-06,완료,4
322,13,140,2025-06-27 15:04:25,2025-06-27 15:47:25,2025-06-27,반려,3
323,5,87,2025-07-23 17:49:40,2025-07-23 18:06:40,2025-07-23,보류,5
324,6,17,2025-08-06 10:34:55,2025-08-06 10:39:55,2025-08-06,완료,3
325,2,86,2025-07-22 13:19:10,2025-07-22 13:50:10,2025-07-22,완료,3
326,12,72,2025-07-17 16:46:23,2025-07-17 17:04:23,2025-07-17,완료,3
327,4,114,2025-08-11 15:20:26,2025-08-11 15:58:26,2025-08-11,이관,3
328,4,157,2025-06-23 10:34:56,2025-06-23 11:11:56,2025-06-23,완료,3
329,10,43,2025-08-05 13:19:11,2025-08-05 13:48:11,2025-08-05,완료,3
330,12,49,2025-06-30 15:04:26,2025-06-30 15:19:26,2025-06-30,반려,4
331,12,129,2025-08-12 17:37:21,2025-08-12 18:00:21,2025-08-12,완료,3
332,4,22,2025-06-04 13:02:33,2025-06-04 13:37:33,2025-06-04,반려,4
333,6,198,2025-08-22 13:19:11,2025-08-22 13:46:11,2025-08-22,완료,4
334,14,36,2025-06-06 13:09:21,2025-06-06 13:51:21,2025-06-06,반려,5
335,8,145,2025-07-18 09:18:23,2025-07-18 09:29:23,2025-07-18,보류,4
336,4,137,2025-07-08 10:35:57,2025-07-08 11:03:57,2025-07-08,이관,3
337,8,137,2025-08-11 13:20:12,2025-08-11 13:49:12,2025-08-11,완료,4
338,12,8,2025-06-03 15:05:27,2025-06-03 15:15:27,2025-06-03,이관,5
339,11,175,2025-08-05 17:50:42,2025-08-05 17:58:42,2025-08-05,이관,3
340,4,1,2025-07-16 10:35:57,2025-07-16 11:00:57,2025-07-16,보류,3
341,14,171,2025-06-12 13:20:13,2025-06-12 13:26:13,2025-06-12,반려,3
342,3,117,2025-06-16 15:05:28,2025-06-16 15:17:28,2025-06-16,완료,5
343,12,102,2025-07-03 17:50:43,2025-07-03 18:25:43,2025-07-03,완료,3
344,10,114,2025-06-24 10:35:58,2025-06-24 11:05:58,2025-06-24,완료,5
345,14,76,2025-06-19 14:34:52,2025-06-19 14:44:52,2025-06-19,보류,3
346,13,119,2025-07-23 15:05:28,2025-07-23 15:14:28,2025-07-23,반려,5
347,2,154,2025-07-25 17:50:43,2025-07-25 17:56:43,2025-07-25,보류,3
348,14,52,2025-08-12 10:36:59,2025-08-12 11:04:59,2025-08-12,반려,4
349,11,134,2025-07-02 13:21:14,2025-07-02 14:03:14,2025-07-02,이관,5
350,5,111,2025-06-16 15:06:29,2025-06-16 15:19:29,2025-06-16,보류,4
351,2,163,2025-07-01 17:51:44,2025-07-01 18:11:44,2025-07-01,보류,5
352,14,103,2025-07-17 10:36:59,2025-07-17 11:10:59,2025-07-17,이관,4
353,9,193,2025-07-11 13:21:14,2025-07-11 14:01:14,2025-07-11,이관,4
354,11,118,2025-06-10 15:06:29,2025-06-10 15:16:29,2025-06-10,보류,5
355,5,7,2025-08-05 17:51:45,2025-08-05 18:00:45,2025-08-05,반려,3
356,14,45,2025-07-22 10:36:00,2025-07-22 11:03:00,2025-07-22,완료,3
357,15,93,2025-07-11 13:21:15,2025-07-11 14:01:15,2025-07-11,반려,3
358,6,21,2025-07-22 15:06:30,2025-07-22 15:35:30,2025-07-22,이관,4
359,4,164,2025-08-13 17:51:45,2025-08-13 18:28:45,2025-08-13,보류,3
360,11,107,2025-07-15 10:36:00,2025-07-15 11:17:00,2025-07-15,보류,4
361,3,49,2025-08-26 13:22:15,2025-08-26 13:52:15,2025-08-26,보류,4
362,5,97,2025-06-17 15:07:31,2025-06-17 15:35:31,2025-06-17,이관,3
363,10,169,2025-06-09 15:01:11,2025-06-09 15:37:11,2025-06-09,반려,4
364,11,162,2025-06-24 10:37:01,2025-06-24 10:58:01,2025-06-24,이관,4
365,2,42,2025-06-11 09:33:15,2025-06-11 10:17:15,2025-06-11,완료,5
366,9,70,2025-07-22 15:07:31,2025-07-22 15:23:31,2025-07-22,이관,5
367,5,185,2025-08-20 17:52:46,2025-08-20 18:28:46,2025-08-20,보류,3
368,13,134,2025-07-15 10:37:01,2025-07-15 11:18:01,2025-07-15,완료,5
369,15,89,2025-07-08 13:22:17,2025-07-08 13:46:17,2025-07-08,보류,3
370,7,89,2025-07-15 15:07:32,2025-07-15 15:13:32,2025-07-15,완료,5
371,3,60,2025-06-03 11:58:27,2025-06-03 12:11:27,2025-06-03,완료,3
372,12,98,2025-07-08 10:37:02,2025-07-08 11:18:02,2025-07-08,보류,5
373,8,113,2025-07-23 13:22:17,2025-07-23 13:29:17,2025-07-23,반려,4
374,8,21,2025-07-15 15:08:32,2025-07-15 15:27:32,2025-07-15,완료,3
375,9,110,2025-06-19 17:53:47,2025-06-19 18:26:47,2025-06-19,이관,5
376,15,111,2025-08-19 10:38:03,2025-08-19 11:01:03,2025-08-19,반려,5
377,15,4,2025-08-06 13:23:18,2025-08-06 13:33:18,2025-08-06,보류,3
378,14,44,2025-07-22 15:08:33,2025-07-22 15:29:33,2025-07-22,반려,3
379,9,162,2025-08-19 15:59:48,2025-08-19 16:05:48,2025-08-19,반려,4
380,7,35,2025-07-07 10:38:03,2025-07-07 11:18:03,2025-07-07,이관,5
381,9,171,2025-07-17 13:23:18,2025-07-17 14:00:18,2025-07-17,보류,5
382,4,131,2025-08-19 15:08:33,2025-08-19 15:38:33,2025-08-19,반려,3
383,8,104,2025-06-27 17:53:49,2025-06-27 18:28:49,2025-06-27,이관,4
384,4,113,2025-07-22 10:38:04,2025-07-22 11:17:04,2025-07-22,이관,4
385,9,56,2025-06-10 13:23:19,2025-06-10 13:57:19,2025-06-10,보류,5
386,3,57,2025-06-25 15:08:34,2025-06-25 15:42:34,2025-06-25,이관,3
387,9,164,2025-06-03 17:54:49,2025-06-03 18:15:49,2025-06-03,이관,5
388,9,57,2025-06-10 10:39:04,2025-06-10 11:13:04,2025-06-10,반려,4
389,10,152,2025-07-22 17:04:15,2025-07-22 17:28:15,2025-07-22,반려,4
390,6,180,2025-06-06 16:09:05,2025-06-06 16:35:05,2025-06-06,반려,5
391,8,16,2025-07-24 09:04:21,2025-07-24 09:30:21,2025-07-24,보류,3
392,5,134,2025-08-13 10:39:05,2025-08-13 10:45:05,2025-08-13,보류,3
393,13,176,2025-07-29 13:24:20,2025-07-29 13:39:20,2025-07-29,이관,4
394,11,79,2025-06-27 15:09:35,2025-06-27 15:22:35,2025-06-27,보류,4
395,7,36,2025-07-28 15:33:52,2025-07-28 16:11:52,2025-07-28,이관,5
396,6,3,2025-07-08 10:39:05,2025-07-08 10:44:05,2025-07-08,완료,4
397,6,22,2025-07-21 13:24:21,2025-07-21 13:53:21,2025-07-21,반려,4
398,4,146,2025-08-26 15:09:36,2025-08-26 15:32:36,2025-08-26,보류,4
399,6,130,2025-08-15 17:54:51,2025-08-15 18:01:51,2025-08-15,완료,3
400,6,59,2025-06-25 10:40:06,2025-06-25 11:13:06,2025-06-25,반려,5
401,9,168,2025-07-22 13:25:21,2025-07-22 13:32:21,2025-07-22,보류,5
402,2,124,2025-08-26 15:10:36,2025-08-26 15:44:36,2025-08-26,완료,3
403,10,64,2025-08-01 17:55:51,2025-08-01 18:03:51,2025-08-01,반려,3
404,7,100,2025-07-01 10:40:07,2025-07-01 11:09:07,2025-07-01,이관,5
405,6,174,2025-08-12 13:25:22,2025-08-12 13:54:22,2025-08-12,이관,4
406,6,106,2025-08-19 15:10:37,2025-08-19 15:44:37,2025-08-19,보류,3
407,14,87,2025-08-12 17:55:52,2025-08-12 18:09:52,2025-08-12,반려,4
408,9,46,2025-07-15 10:40:07,2025-07-15 10:46:07,2025-07-15,완료,5
409,11,200,2025-07-11 14:22:23,2025-07-11 14:27:23,2025-07-11,완료,4
410,12,129,2025-08-07 15:10:37,2025-08-07 15:29:37,2025-08-07,완료,5
411,14,33,2025-08-01 17:55:53,2025-08-01 18:30:00,2025-08-01,완료,3
412,6,158,2025-07-08 10:40:08,2025-07-08 11:06:08,2025-07-08,보류,3
413,9,176,2025-07-22 13:26:23,2025-07-22 13:42:23,2025-07-22,완료,4
414,9,49,2025-07-17 15:11:38,2025-07-17 15:29:38,2025-07-17,보류,4
415,2,74,2025-07-18 17:56:53,2025-07-18 18:07:53,2025-07-18,완료,3
416,3,155,2025-08-12 10:41:08,2025-08-12 10:48:08,2025-08-12,완료,3
417,3,120,2025-08-05 13:26:23,2025-08-05 13:46:23,2025-08-05,이관,4
418,12,78,2025-08-07 16:23:12,2025-08-07 16:32:12,2025-08-07,완료,5
419,1,78,2025-08-26 17:56:54,2025-08-26 18:22:54,2025-08-26,보류,5
420,14,53,2025-07-30 10:41:09,2025-07-30 10:52:09,2025-07-30,반려,5
421,10,32,2025-06-24 13:26:24,2025-06-24 14:08:24,2025-06-24,보류,3
422,2,178,2025-07-01 15:11:39,2025-07-01 15:22:39,2025-07-01,이관,4
423,5,51,2025-06-12 17:56:54,2025-06-12 18:08:54,2025-06-12,이관,4
424,5,199,2025-07-11 10:41:09,2025-07-11 11:15:09,2025-07-11,반려,5
425,14,178,2025-08-01 14:27:41,2025-08-01 14:36:41,2025-08-01,이관,4
426,7,87,2025-08-01 14:06:13,2025-08-01 14:41:13,2025-08-01,보류,5
427,8,64,2025-06-30 17:57:55,2025-06-30 18:30:00,2025-06-30,반려,3
428,10,23,2025-06-26 10:42:10,2025-06-26 11:17:10,2025-06-26,반려,5
429,7,139,2025-06-24 13:27:25,2025-06-24 13:37:25,2025-06-24,이관,4
430,2,90,2025-08-06 10:21:28,2025-08-06 10:33:28,2025-08-06,이관,3
431,15,200,2025-07-03 17:57:55,2025-07-03 18:11:55,2025-07-03,완료,3
432,13,198,2025-06-17 10:42:11,2025-06-17 11:20:11,2025-06-17,보류,3
433,4,121,2025-06-26 13:27:26,2025-06-26 14:10:26,2025-06-26,완료,3
434,2,123,2025-08-12 15:12:41,2025-08-12 15:42:41,2025-08-12,이관,5
435,3,163,2025-08-01 13:21:50,2025-08-01 13:32:50,2025-08-01,완료,5
436,8,3,2025-06-23 10:42:11,2025-06-23 11:08:11,2025-06-23,보류,5
437,7,162,2025-08-19 13:27:26,2025-08-19 13:57:26,2025-08-19,이관,4
438,2,199,2025-07-15 11:27:13,2025-07-15 11:55:13,2025-07-15,반려,3
439,14,123,2025-08-05 17:58:57,2025-08-05 18:30:00,2025-08-05,이관,5
440,5,69,2025-07-29 11:09:33,2025-07-29 11:50:33,2025-07-29,이관,4
441,7,71,2025-06-27 13:28:27,2025-06-27 13:54:27,2025-06-27,완료,3
442,3,200,2025-08-19 15:13:42,2025-08-19 15:37:42,2025-08-19,보류,3
443,11,88,2025-07-18 17:58:57,2025-07-18 18:21:57,2025-07-18,이관,3
444,1,150,2025-06-11 11:01:14,2025-06-11 11:18:14,2025-06-11,이관,3
445,6,5,2025-08-05 13:28:27,2025-08-05 14:04:27,2025-08-05,보류,5
446,9,58,2025-07-22 15:13:43,2025-07-22 15:41:43,2025-07-22,반려,4
447,3,166,2025-06-16 17:46:25,2025-06-16 18:11:25,2025-06-16,반려,3
448,1,92,2025-07-16 10:43:13,2025-07-16 11:15:13,2025-07-16,완료,5
449,11,93,2025-06-20 13:28:28,2025-06-20 13:52:28,2025-06-20,완료,3
450,5,137,2025-08-05 11:19:16,2025-08-05 11:48:16,2025-08-05,이관,3
451,11,105,2025-08-14 17:58:58,2025-08-14 18:05:58,2025-08-14,완료,5
452,3,7,2025-08-20 10:44:13,2025-08-20 11:26:13,2025-08-20,보류,4
453,6,175,2025-08-06 13:29:29,2025-08-06 13:44:29,2025-08-06,이관,4
454,9,151,2025-07-18 17:24:55,2025-07-18 18:08:55,2025-07-18,보류,3
455,7,31,2025-08-13 17:59:59,2025-08-13 18:30:00,2025-08-13,완료,4
456,6,122,2025-06-13 10:44:14,2025-06-13 10:52:14,2025-06-13,보류,5
457,2,141,2025-08-13 13:29:29,2025-08-13 14:00:29,2025-08-13,보류,4
458,15,171,2025-06-10 15:14:44,2025-06-10 15:37:44,2025-06-10,반려,4
459,6,172,2025-08-19 17:59:59,2025-08-19 18:17:59,2025-08-19,보류,4
460,10,18,2025-08-01 10:44:15,2025-08-01 10:59:15,2025-08-01,보류,4
461,4,161,2025-08-20 17:45:27,2025-08-20 18:14:27,2025-08-20,반려,5
462,7,31,2025-07-24 15:14:45,2025-07-24 15:34:45,2025-07-24,반려,3
463,4,189,2025-08-12 17:59:00,2025-08-12 18:06:00,2025-08-12,완료,5
464,7,140,2025-07-08 10:44:15,2025-07-08 10:59:15,2025-07-08,보류,5
465,11,115,2025-07-18 13:30:30,2025-07-18 14:10:30,2025-07-18,반려,4
466,13,77,2025-07-01 15:15:45,2025-07-01 15:24:45,2025-07-01,반려,5
467,12,172,2025-08-19 17:00:01,2025-08-19 17:18:01,2025-08-19,반려,5
468,9,3,2025-06-24 10:45:16,2025-06-24 10:57:16,2025-06-24,이관,3
469,1,62,2025-06-24 13:30:31,2025-06-24 14:10:31,2025-06-24,보류,5
470,12,60,2025-07-01 15:15:46,2025-07-01 15:46:46,2025-07-01,완료,3
471,8,31,2025-08-12 17:00:01,2025-08-12 17:31:01,2025-08-12,반려,5
472,15,11,2025-08-07 14:44:35,2025-08-07 15:09:35,2025-08-07,이관,5
473,6,195,2025-06-17 13:30:31,2025-06-17 14:07:31,2025-06-17,완료,3
474,3,39,2025-06-16 15:15:47,2025-06-16 15:40:47,2025-06-16,완료,3
475,1,73,2025-07-24 17:00:02,2025-07-24 17:33:02,2025-07-24,보류,4
476,9,66,2025-07-25 10:45:17,2025-07-25 11:13:17,2025-07-25,이관,5
477,9,189,2025-06-17 11:46:25,2025-06-17 11:52:25,2025-06-17,완료,3
478,14,124,2025-07-15 15:16:47,2025-07-15 15:21:47,2025-07-15,완료,4
479,6,161,2025-08-12 17:01:02,2025-08-12 17:20:02,2025-08-12,완료,3
480,3,111,2025-08-15 10:46:17,2025-08-15 11:17:17,2025-08-15,반려,3
481,13,22,2025-08-22 13:31:33,2025-08-22 13:57:33,2025-08-22,반려,5
482,9,87,2025-07-09 15:16:48,2025-07-09 15:37:48,2025-07-09,보류,5
483,7,37,2025-07-08 17:01:03,2025-07-08 17:19:03,2025-07-08,이관,4
484,10,189,2025-06-27 10:23:12,2025-06-27 10:31:12,2025-06-27,보류,4
485,12,189,2025-07-08 13:31:33,2025-07-08 13:49:33,2025-07-08,보류,4
486,2,158,2025-07-02 15:16:48,2025-07-02 15:38:48,2025-07-02,이관,5
487,12,77,2025-06-17 17:01:03,2025-06-17 17:37:03,2025-06-17,이관,5
488,12,38,2025-06-19 10:46:19,2025-06-19 11:26:19,2025-06-19,반려,5
489,9,170,2025-07-22 13:31:34,2025-07-22 13:45:34,2025-07-22,보류,5
490,3,2,2025-08-05 15:16:49,2025-08-05 15:49:49,2025-08-05,완료,4
491,7,157,2025-08-14 17:15:14,2025-08-14 17:28:14,2025-08-14,완료,3
492,9,128,2025-07-24 10:47:19,2025-07-24 10:52:19,2025-07-24,이관,3
493,1,48,2025-07-22 13:32:34,2025-07-22 13:38:34,2025-07-22,보류,4
494,6,143,2025-06-11 15:17:49,2025-06-11 15:27:49,2025-06-11,완료,4
495,11,200,2025-07-22 17:02:05,2025-07-22 17:10:05,2025-07-22,이관,3
496,10,86,2025-08-20 10:47:20,2025-08-20 11:07:20,2025-08-20,완료,5
497,6,187,2025-08-07 13:32:35,2025-08-07 14:07:35,2025-08-07,완료,4
498,8,34,2025-06-03 15:17:50,2025-06-03 15:53:50,2025-06-03,보류,5
499,4,103,2025-07-24 10:40:44,2025-07-24 10:47:44,2025-07-24,보류,4
500,13,70,2025-08-07 15:21:10,2025-08-07 16:00:10,2025-08-07,보류,3
501,5,118,2025-08-26 13:32:35,2025-08-26 14:04:35,2025-08-26,이관,3
502,2,27,2025-06-24 16:42:22,2025-06-24 17:17:22,2025-06-24,완료,5
503,14,120,2025-08-18 17:02:06,2025-08-18 17:36:06,2025-08-18,보류,4
504,7,92,2025-06-17 10:48:21,2025-06-17 11:01:21,2025-06-17,반려,4
505,8,96,2025-07-08 13:33:36,2025-07-08 13:50:36,2025-07-08,완료,3
506,13,148,2025-08-04 16:06:43,2025-08-04 16:26:43,2025-08-04,이관,5
507,12,99,2025-08-20 17:03:06,2025-08-20 17:14:06,2025-08-20,반려,3
508,3,69,2025-06-23 10:48:21,2025-06-23 11:01:21,2025-06-23,완료,3
509,10,109,2025-07-03 13:33:37,2025-07-03 14:13:37,2025-07-03,완료,5
510,2,14,2025-08-19 15:18:52,2025-08-19 16:02:52,2025-08-19,보류,3
511,6,122,2025-07-01 17:03:07,2025-07-01 17:44:07,2025-07-01,반려,3
512,9,10,2025-06-04 14:07:01,2025-06-04 14:25:01,2025-06-04,보류,5
513,1,92,2025-08-08 10:41:57,2025-08-08 11:10:57,2025-08-08,반려,3
514,4,31,2025-06-24 15:18:52,2025-06-24 16:01:52,2025-06-24,반려,3
515,1,35,2025-06-18 17:03:07,2025-06-18 17:23:07,2025-06-18,완료,3
516,4,163,2025-08-08 10:48:23,2025-08-08 11:24:23,2025-08-08,완료,4
517,2,163,2025-06-23 15:04:20,2025-06-23 15:17:20,2025-06-23,완료,3
518,9,31,2025-08-14 14:53:02,2025-08-14 15:28:02,2025-08-14,반려,5
519,6,84,2025-08-15 09:04:08,2025-08-15 09:28:08,2025-08-15,반려,3
520,6,132,2025-07-18 16:28:37,2025-07-18 17:10:37,2025-07-18,이관,3
521,6,45,2025-06-05 14:34:38,2025-06-05 14:54:38,2025-06-05,반려,3
522,3,87,2025-08-06 11:58:20,2025-08-06 12:15:20,2025-08-06,반려,3
523,14,132,2025-08-21 09:04:09,2025-08-21 09:35:09,2025-08-21,이관,3
524,6,117,2025-06-17 11:49:24,2025-06-17 12:25:24,2025-06-17,보류,4
525,7,136,2025-08-12 14:34:39,2025-08-12 14:51:39,2025-08-12,보류,4
526,2,20,2025-07-22 16:19:54,2025-07-22 16:44:54,2025-07-22,이관,3
527,5,10,2025-07-10 09:04:09,2025-07-10 09:29:09,2025-07-10,반려,4
528,11,23,2025-08-12 16:38:16,2025-08-12 16:56:16,2025-08-12,반려,3
529,11,177,2025-07-04 14:34:39,2025-07-04 15:17:39,2025-07-04,보류,5
530,8,80,2025-07-18 16:20:55,2025-07-18 16:31:55,2025-07-18,이관,3
531,9,170,2025-08-26 09:05:10,2025-08-26 09:29:10,2025-08-26,완료,4
532,1,158,2025-06-04 10:03:06,2025-06-04 10:23:06,2025-06-04,반려,5
533,7,69,2025-07-29 14:35:40,2025-07-29 14:53:40,2025-07-29,반려,4
534,15,199,2025-06-18 16:20:55,2025-06-18 16:29:55,2025-06-18,반려,3
535,12,198,2025-07-08 09:05:10,2025-07-08 09:14:10,2025-07-08,이관,5
536,7,86,2025-08-07 11:25:32,2025-08-07 11:52:32,2025-08-07,이관,4
537,7,34,2025-07-29 14:35:41,2025-07-29 15:01:41,2025-07-29,보류,3
538,6,1,2025-06-04 13:12:07,2025-06-04 13:46:07,2025-06-04,이관,5
539,13,58,2025-07-02 11:56:58,2025-07-02 12:01:58,2025-07-02,보류,3
540,8,67,2025-06-27 11:50:26,2025-06-27 12:01:26,2025-06-27,반려,3
541,3,23,2025-06-20 14:35:41,2025-06-20 14:48:41,2025-06-20,완료,3
542,8,109,2025-07-10 16:20:56,2025-07-10 16:49:56,2025-07-10,완료,4
543,7,38,2025-06-25 15:39:47,2025-06-25 15:54:47,2025-06-25,이관,3
544,9,64,2025-07-09 16:21:05,2025-07-09 17:02:05,2025-07-09,보류,5
545,11,66,2025-07-23 13:08:14,2025-07-23 13:20:14,2025-07-23,이관,5
546,3,133,2025-08-26 16:21:57,2025-08-26 17:04:57,2025-08-26,이관,5
547,1,171,2025-08-11 09:06:12,2025-08-11 09:16:12,2025-08-11,보류,5
548,1,140,2025-07-21 16:05:33,2025-07-21 16:42:33,2025-07-21,이관,3
549,4,38,2025-07-29 14:36:42,2025-07-29 14:52:42,2025-07-29,완료,5
550,6,98,2025-08-08 16:21:57,2025-08-08 16:36:57,2025-08-08,이관,4
551,15,59,2025-07-29 09:06:13,2025-07-29 09:22:13,2025-07-29,이관,3
552,8,7,2025-06-18 10:57:38,2025-06-18 11:36:38,2025-06-18,이관,4
553,12,102,2025-06-26 17:03:33,2025-06-26 17:08:33,2025-06-26,반려,3
554,13,71,2025-08-26 16:21:58,2025-08-26 16:39:58,2025-08-26,보류,5
555,5,79,2025-07-04 14:18:11,2025-07-04 14:46:11,2025-07-04,이관,3
556,7,25,2025-07-30 11:52:28,2025-07-30 12:15:28,2025-07-30,보류,4
557,13,166,2025-07-23 14:37:43,2025-07-23 15:07:43,2025-07-23,반려,4
558,11,90,2025-08-26 16:22:59,2025-08-26 16:42:59,2025-08-26,이관,4
559,13,194,2025-06-30 09:07:14,2025-06-30 09:20:14,2025-06-30,완료,4
560,15,89,2025-07-29 11:52:29,2025-07-29 12:30:29,2025-07-29,반려,3
561,2,90,2025-07-15 14:37:44,2025-07-15 14:55:44,2025-07-15,완료,4
562,3,135,2025-08-19 16:22:59,2025-08-19 16:29:59,2025-08-19,반려,3
563,15,114,2025-08-20 17:45:48,2025-08-20 18:17:48,2025-08-20,완료,5
564,9,192,2025-07-15 10:37:02,2025-07-15 10:56:02,2025-07-15,완료,4
565,10,60,2025-06-17 17:25:44,2025-06-17 18:07:44,2025-06-17,보류,3
566,8,60,2025-08-19 16:22:00,2025-08-19 16:59:00,2025-08-19,보류,4
567,2,114,2025-06-10 09:07:15,2025-06-10 09:46:15,2025-06-10,보류,4
568,8,74,2025-08-06 11:08:35,2025-08-06 11:25:35,2025-08-06,이관,5
569,12,99,2025-07-15 14:38:45,2025-07-15 14:46:45,2025-07-15,반려,4
570,5,92,2025-07-09 16:23:00,2025-07-09 16:37:00,2025-07-09,보류,3
571,8,17,2025-07-17 09:08:15,2025-07-17 09:21:15,2025-07-17,완료,3
572,11,79,2025-06-05 11:53:31,2025-06-05 12:16:31,2025-06-05,완료,4
573,2,146,2025-07-15 14:38:46,2025-07-15 14:44:46,2025-07-15,완료,3
574,13,120,2025-07-16 17:59:23,2025-07-16 18:04:23,2025-07-16,완료,4
575,15,25,2025-07-10 09:08:16,2025-07-10 09:23:16,2025-07-10,완료,5
576,10,191,2025-07-15 11:53:31,2025-07-15 12:23:31,2025-07-15,반려,3
577,1,170,2025-08-06 17:37:45,2025-08-06 18:08:45,2025-08-06,보류,5
578,6,55,2025-06-26 13:12:49,2025-06-26 13:25:49,2025-06-26,반려,5
579,5,121,2025-07-29 09:08:17,2025-07-29 09:43:17,2025-07-29,이관,5
580,2,23,2025-08-19 11:53:32,2025-08-19 12:36:32,2025-08-19,이관,5
581,6,5,2025-07-25 14:38:47,2025-07-25 15:13:47,2025-07-25,이관,4
582,8,45,2025-07-07 17:28:21,2025-07-07 17:43:21,2025-07-07,이관,5
583,5,13,2025-08-05 09:09:17,2025-08-05 09:44:17,2025-08-05,완료,4
584,14,154,2025-06-18 11:07:24,2025-06-18 11:14:24,2025-06-18,반려,4
585,5,23,2025-08-21 15:31:26,2025-08-21 16:03:26,2025-08-21,완료,5
586,13,136,2025-07-01 16:24:03,2025-07-01 16:50:03,2025-07-01,이관,4
587,3,126,2025-06-30 09:09:18,2025-06-30 09:20:18,2025-06-30,완료,3
588,1,19,2025-06-03 11:54:33,2025-06-03 12:09:33,2025-06-03,보류,3
589,15,46,2025-08-06 11:58:38,2025-08-06 12:11:38,2025-08-06,완료,5
590,8,37,2025-07-11 16:24:03,2025-07-11 16:31:03,2025-07-11,이관,5
591,1,46,2025-08-12 09:09:18,2025-08-12 09:20:18,2025-08-12,완료,4
592,6,166,2025-08-12 11:54:33,2025-08-12 12:26:33,2025-08-12,반려,5
593,7,198,2025-07-02 14:39:49,2025-07-02 14:53:49,2025-07-02,반려,4
594,9,93,2025-08-13 16:24:04,2025-08-13 16:49:04,2025-08-13,보류,5
595,12,143,2025-08-14 09:10:19,2025-08-14 09:22:19,2025-08-14,반려,5
596,9,42,2025-07-25 11:55:34,2025-07-25 12:34:34,2025-07-25,이관,4
597,8,188,2025-08-19 14:40:49,2025-08-19 15:11:49,2025-08-19,완료,3
598,5,105,2025-08-20 15:31:47,2025-08-20 16:12:47,2025-08-20,완료,3
599,9,13,2025-07-08 15:16:37,2025-07-08 15:27:37,2025-07-08,이관,4
600,13,145,2025-06-12 11:55:35,2025-06-12 12:37:35,2025-06-12,이관,3
601,14,80,2025-07-22 14:40:50,2025-07-22 15:23:50,2025-07-22,완료,5
602,10,109,2025-08-25 16:25:05,2025-08-25 17:04:05,2025-08-25,보류,5
603,8,67,2025-08-19 14:44:48,2025-08-19 15:11:48,2025-08-19,반려,5
604,1,17,2025-07-08 11:55:35,2025-07-08 12:16:35,2025-07-08,이관,5
605,6,55,2025-06-27 10:51:27,2025-06-27 11:11:27,2025-06-27,이관,4
606,11,171,2025-08-19 16:25:05,2025-08-19 16:30:05,2025-08-19,보류,5
607,1,17,2025-07-09 09:10:21,2025-07-09 09:48:21,2025-07-09,완료,4
608,3,43,2025-06-03 16:52:16,2025-06-03 17:09:16,2025-06-03,보류,5
609,12,15,2025-06-23 09:06:35,2025-06-23 09:19:35,2025-06-23,보류,5
610,7,27,2025-08-20 16:02:53,2025-08-20 16:17:53,2025-08-20,이관,5
611,11,164,2025-06-10 09:11:21,2025-06-10 09:17:21,2025-06-10,완료,5
612,5,61,2025-08-18 13:52:33,2025-08-18 14:10:33,2025-08-18,이관,5
613,5,86,2025-07-23 14:41:51,2025-07-23 15:04:51,2025-07-23,이관,5
614,1,20,2025-08-01 16:26:07,2025-08-01 17:06:07,2025-08-01,이관,5
615,8,181,2025-08-12 09:11:22,2025-08-12 09:34:22,2025-08-12,반려,3
616,12,146,2025-07-24 11:56:37,2025-07-24 12:21:37,2025-07-24,이관,5
617,11,200,2025-07-07 14:41:52,2025-07-07 14:46:52,2025-07-07,보류,5
618,8,178,2025-06-06 14:26:01,2025-06-06 14:40:01,2025-06-06,보류,3
619,11,1,2025-06-03 09:11:22,2025-06-03 09:34:22,2025-06-03,완료,3
620,9,94,2025-06-17 11:56:37,2025-06-17 12:30:37,2025-06-17,보류,4
621,4,93,2025-07-09 14:42:53,2025-07-09 15:12:53,2025-07-09,보류,5
622,3,173,2025-08-08 16:27:08,2025-08-08 16:44:08,2025-08-08,보류,3
623,7,178,2025-07-14 09:12:23,2025-07-14 09:28:23,2025-07-14,보류,3
624,9,40,2025-08-01 11:57:38,2025-08-01 12:14:38,2025-08-01,보류,4
625,3,111,2025-07-29 14:42:53,2025-07-29 14:49:53,2025-07-29,반려,5
626,2,56,2025-07-16 11:26:39,2025-07-16 11:58:39,2025-07-16,이관,5
627,7,72,2025-07-22 09:12:23,2025-07-22 09:18:23,2025-07-22,반려,3
628,8,99,2025-07-04 11:57:39,2025-07-04 12:05:39,2025-07-04,완료,5
629,7,144,2025-07-22 14:42:54,2025-07-22 15:04:54,2025-07-22,완료,5
630,2,80,2025-08-20 16:27:09,2025-08-20 17:10:09,2025-08-20,반려,4
631,2,187,2025-06-17 09:12:24,2025-06-17 09:38:24,2025-06-17,이관,4
632,4,134,2025-06-12 11:57:39,2025-06-12 12:36:39,2025-06-12,완료,4
633,12,185,2025-07-01 14:42:54,2025-07-01 14:55:54,2025-07-01,이관,3
634,1,72,2025-06-17 16:28:09,2025-06-17 16:46:09,2025-06-17,이관,4
635,12,24,2025-08-26 09:13:25,2025-08-26 09:49:25,2025-08-26,완료,3
636,4,154,2025-07-01 11:58:40,2025-07-01 12:34:40,2025-07-01,보류,5
637,9,20,2025-08-12 14:43:55,2025-08-12 15:13:55,2025-08-12,이관,5
638,6,53,2025-06-12 09:54:18,2025-06-12 10:21:18,2025-06-12,보류,5
639,12,34,2025-06-11 09:13:25,2025-06-11 09:54:25,2025-06-11,완료,3
640,12,125,2025-07-07 13:38:49,2025-07-07 14:18:49,2025-07-07,반려,4
641,4,88,2025-07-18 14:43:55,2025-07-18 15:12:55,2025-07-18,반려,5
642,8,12,2025-06-10 16:28:11,2025-06-10 17:01:11,2025-06-10,보류,5
643,13,91,2025-06-04 09:13:26,2025-06-04 09:23:26,2025-06-04,반려,3
644,12,73,2025-06-10 16:27:03,2025-06-10 16:40:03,2025-06-10,보류,3
645,4,61,2025-06-19 14:43:56,2025-06-19 15:25:56,2025-06-19,이관,5
646,15,10,2025-08-04 16:28:11,2025-08-04 17:00:11,2025-08-04,완료,3
647,7,172,2025-08-12 09:14:26,2025-08-12 09:40:26,2025-08-12,보류,3
648,7,5,2025-07-08 11:59:41,2025-07-08 12:38:41,2025-07-08,완료,4
649,9,186,2025-07-18 14:44:57,2025-07-18 15:15:57,2025-07-18,반려,4
650,11,161,2025-08-07 09:03:40,2025-08-07 09:33:40,2025-08-07,이관,5
651,7,128,2025-08-08 09:14:27,2025-08-08 09:42:27,2025-08-08,완료,5
652,6,118,2025-08-15 09:42:40,2025-08-15 10:00:40,2025-08-15,보류,3
653,9,6,2025-07-01 14:44:57,2025-07-01 15:10:57,2025-07-01,반려,5
654,13,110,2025-07-22 16:29:12,2025-07-22 17:06:12,2025-07-22,반려,5
655,10,128,2025-07-29 09:14:27,2025-07-29 09:41:27,2025-07-29,완료,5
656,2,116,2025-07-04 11:59:43,2025-07-04 12:40:43,2025-07-04,반려,4
657,4,12,2025-07-07 14:44:58,2025-07-07 15:07:58,2025-07-07,반려,3
658,6,54,2025-06-11 10:48:26,2025-06-11 11:10:26,2025-06-11,완료,5
659,3,108,2025-08-26 09:14:28,2025-08-26 09:34:28,2025-08-26,완료,5
660,4,40,2025-06-26 11:00:43,2025-06-26 11:32:43,2025-06-26,보류,3
661,14,166,2025-07-22 14:45:58,2025-07-22 15:02:58,2025-07-22,보류,4
662,4,179,2025-07-29 16:30:13,2025-07-29 16:42:13,2025-07-29,반려,4
663,9,187,2025-08-04 09:15:29,2025-08-04 09:58:29,2025-08-04,보류,4
664,11,9,2025-06-17 11:00:44,2025-06-17 11:36:44,2025-06-17,완료,5
665,15,188,2025-07-29 14:45:59,2025-07-29 15:26:59,2025-07-29,이관,3
666,15,200,2025-06-06 16:30:14,2025-06-06 17:00:14,2025-06-06,완료,5
667,11,148,2025-06-04 09:15:29,2025-06-04 09:49:29,2025-06-04,이관,4
668,2,190,2025-08-13 11:00:44,2025-08-13 11:09:44,2025-08-13,완료,5
669,12,141,2025-07-25 14:45:59,2025-07-25 14:50:59,2025-07-25,보류,5
670,3,72,2025-08-22 16:30:15,2025-08-22 16:44:15,2025-08-22,이관,5
671,7,150,2025-08-05 09:15:30,2025-08-05 09:23:30,2025-08-05,완료,3
672,11,12,2025-06-24 11:00:45,2025-06-24 11:09:45,2025-06-24,완료,4
673,8,184,2025-07-10 14:57:39,2025-07-10 15:26:39,2025-07-10,반려,5
674,13,50,2025-07-29 16:31:15,2025-07-29 17:06:15,2025-07-29,완료,5
675,4,173,2025-06-10 17:37:38,2025-06-10 17:47:38,2025-06-10,반려,5
676,8,177,2025-07-22 11:01:45,2025-07-22 11:33:45,2025-07-22,반려,3
677,5,77,2025-06-13 14:46:01,2025-06-13 14:59:01,2025-06-13,보류,3
678,7,14,2025-08-19 16:31:16,2025-08-19 17:08:16,2025-08-19,이관,4
679,2,192,2025-06-24 09:16:31,2025-06-24 09:23:31,2025-06-24,이관,4
680,4,141,2025-07-14 11:47:14,2025-07-14 12:25:14,2025-07-14,이관,5
681,5,59,2025-07-01 14:46:01,2025-07-01 15:27:01,2025-07-01,완료,3
682,8,166,2025-06-17 16:31:16,2025-06-17 16:45:16,2025-06-17,반려,5
683,11,132,2025-06-02 09:16:31,2025-06-02 09:35:31,2025-06-02,완료,3
684,3,128,2025-07-03 11:01:47,2025-07-03 11:23:47,2025-07-03,반려,3
685,14,196,2025-08-12 14:46:02,2025-08-12 15:05:02,2025-08-12,반려,4
686,14,8,2025-06-17 16:32:17,2025-06-17 16:53:17,2025-06-17,이관,3
687,13,123,2025-08-05 09:17:32,2025-08-05 09:35:32,2025-08-05,완료,5
688,15,78,2025-08-08 09:09:03,2025-08-08 09:31:03,2025-08-08,반려,3
689,5,193,2025-06-02 16:54:00,2025-06-02 17:33:00,2025-06-02,이관,5
690,6,9,2025-06-17 16:32:17,2025-06-17 16:47:17,2025-06-17,보류,3
691,2,182,2025-06-19 10:09:42,2025-06-19 10:53:42,2025-06-19,완료,3
692,4,51,2025-08-21 11:02:48,2025-08-21 11:36:48,2025-08-21,보류,5
693,1,4,2025-08-08 14:47:03,2025-08-08 15:21:03,2025-08-08,보류,5
694,11,56,2025-06-10 16:32:18,2025-06-10 17:02:18,2025-06-10,반려,4
695,11,10,2025-07-07 09:17:33,2025-07-07 09:52:33,2025-07-07,완료,5
696,2,84,2025-06-09 11:02:48,2025-06-09 11:38:48,2025-06-09,완료,5
697,5,171,2025-07-24 14:47:03,2025-07-24 15:21:03,2025-07-24,완료,3
698,6,124,2025-06-30 16:32:19,2025-06-30 16:49:19,2025-06-30,이관,3
699,10,96,2025-07-14 15:56:09,2025-07-14 16:28:09,2025-07-14,보류,3
700,14,166,2025-07-22 11:03:49,2025-07-22 11:29:49,2025-07-22,보류,3
701,15,47,2025-07-01 14:48:04,2025-07-01 14:54:04,2025-07-01,완료,3
702,4,25,2025-06-04 16:33:19,2025-06-04 17:10:19,2025-06-04,반려,5
703,2,67,2025-06-18 09:18:34,2025-06-18 09:54:34,2025-06-18,반려,4
704,6,32,2025-08-14 10:09:32,2025-08-14 10:51:32,2025-08-14,반려,3
705,1,180,2025-06-03 14:48:05,2025-06-03 15:03:05,2025-06-03,보류,4
706,8,42,2025-07-11 16:33:20,2025-07-11 16:51:20,2025-07-11,완료,4
707,5,37,2025-08-26 09:18:35,2025-08-26 09:50:35,2025-08-26,반려,4
708,5,193,2025-07-24 11:03:50,2025-07-24 11:26:50,2025-07-24,이관,5
709,2,194,2025-08-12 14:48:05,2025-08-12 14:55:05,2025-08-12,보류,3
710,15,166,2025-07-17 14:14:33,2025-07-17 14:57:33,2025-07-17,완료,4
711,1,121,2025-08-01 10:21:36,2025-08-01 10:32:36,2025-08-01,반려,4
712,2,157,2025-08-20 17:42:54,2025-08-20 17:47:54,2025-08-20,완료,3
713,5,71,2025-07-25 14:49:06,2025-07-25 14:57:06,2025-07-25,완료,4
714,11,130,2025-06-24 16:34:21,2025-06-24 17:12:21,2025-06-24,완료,3
715,8,8,2025-07-11 09:45:44,2025-07-11 10:17:44,2025-07-11,완료,3
716,15,119,2025-07-08 11:04:51,2025-07-08 11:26:51,2025-07-08,이관,3
717,5,86,2025-08-04 11:28:16,2025-08-04 11:36:16,2025-08-04,이관,3
718,14,198,2025-08-19 16:34:21,2025-08-19 16:50:21,2025-08-19,완료,3
719,12,179,2025-06-25 09:19:37,2025-06-25 10:01:37,2025-06-25,보류,4
720,10,5,2025-08-19 11:04:52,2025-08-19 11:09:52,2025-08-19,보류,3
721,6,184,2025-07-22 14:49:07,2025-07-22 14:55:07,2025-07-22,완료,3
722,4,107,2025-06-26 16:34:22,2025-06-26 16:56:22,2025-06-26,완료,5
723,7,174,2025-08-21 09:19:37,2025-08-21 09:25:37,2025-08-21,이관,5
724,8,48,2025-07-25 11:04:52,2025-07-25 11:35:52,2025-07-25,완료,3
725,2,13,2025-06-24 14:50:07,2025-06-24 15:10:07,2025-06-24,반려,4
726,6,161,2025-08-19 16:35:23,2025-08-19 16:50:23,2025-08-19,이관,4
727,1,97,2025-06-24 09:20:38,2025-06-24 09:54:38,2025-06-24,보류,4
728,9,73,2025-07-24 11:05:53,2025-07-24 11:43:53,2025-07-24,보류,5
729,9,1,2025-07-29 14:50:08,2025-07-29 15:06:08,2025-07-29,완료,3
730,14,12,2025-07-30 16:12:31,2025-07-30 16:17:31,2025-07-30,완료,4
731,5,1,2025-06-24 09:20:38,2025-06-24 09:28:38,2025-06-24,보류,4
732,15,186,2025-07-10 13:56:37,2025-07-10 14:14:37,2025-07-10,이관,4
733,9,93,2025-08-12 14:50:09,2025-08-12 15:13:09,2025-08-12,이관,4
734,5,138,2025-08-26 16:35:24,2025-08-26 17:13:24,2025-08-26,완료,5
735,9,189,2025-06-17 09:20:39,2025-06-17 09:48:39,2025-06-17,보류,4
736,13,197,2025-07-01 13:35:48,2025-07-01 14:06:48,2025-07-01,반려,5
737,13,135,2025-07-14 14:50:09,2025-07-14 15:21:09,2025-07-14,이관,4
738,2,69,2025-08-08 13:39:32,2025-08-08 13:58:32,2025-08-08,반려,3
739,4,87,2025-06-06 09:21:39,2025-06-06 09:45:39,2025-06-06,보류,3
740,6,7,2025-06-13 11:06:55,2025-06-13 11:15:55,2025-06-13,이관,4
741,2,82,2025-06-26 14:51:10,2025-06-26 15:09:10,2025-06-26,반려,5
742,8,42,2025-07-07 16:36:25,2025-07-07 16:45:25,2025-07-07,완료,3
743,4,166,2025-08-19 09:21:40,2025-08-19 09:54:40,2025-08-19,이관,4
744,7,74,2025-06-10 11:06:55,2025-06-10 11:13:55,2025-06-10,완료,3
745,8,25,2025-08-12 14:51:10,2025-08-12 15:33:10,2025-08-12,완료,4
746,15,111,2025-08-26 16:36:25,2025-08-26 16:46:25,2025-08-26,반려,5
747,9,35,2025-08-13 15:32:46,2025-08-13 16:02:46,2025-08-13,이관,5
748,3,32,2025-08-04 16:34:59,2025-08-04 16:57:59,2025-08-04,반려,5
749,6,187,2025-06-10 14:51:11,2025-06-10 15:11:11,2025-06-10,이관,4
750,14,20,2025-06-04 16:36:26,2025-06-04 17:20:26,2025-06-04,완료,3
751,6,130,2025-06-02 09:22:41,2025-06-02 10:01:41,2025-06-02,완료,3
752,2,63,2025-06-02 14:46:55,2025-06-02 15:20:55,2025-06-02,보류,5
753,14,175,2025-06-03 13:42:30,2025-06-03 14:02:30,2025-06-03,반려,4
754,10,116,2025-07-23 10:09:09,2025-07-23 10:27:09,2025-07-23,반려,4
755,2,139,2025-07-08 09:22:42,2025-07-08 09:58:42,2025-07-08,보류,4
756,4,176,2025-08-12 11:07:57,2025-08-12 11:30:57,2025-08-12,반려,5
757,11,8,2025-07-21 14:52:12,2025-07-21 15:31:12,2025-07-21,완료,4
758,15,130,2025-06-27 16:37:27,2025-06-27 17:00:27,2025-06-27,보류,4
759,9,184,2025-07-15 09:22:42,2025-07-15 10:00:42,2025-07-15,반려,5
760,4,196,2025-06-11 11:07:57,2025-06-11 11:15:57,2025-06-11,보류,5
761,4,130,2025-06-16 14:52:13,2025-06-16 15:06:13,2025-06-16,반려,4
762,6,62,2025-07-23 16:37:28,2025-07-23 17:10:28,2025-07-23,반려,3
763,14,133,2025-06-02 09:22:43,2025-06-02 09:50:43,2025-06-02,완료,4
764,13,158,2025-06-10 11:08:58,2025-06-10 11:36:58,2025-06-10,보류,3
765,12,141,2025-06-30 16:09:55,2025-06-30 16:48:55,2025-06-30,완료,4
766,13,178,2025-07-21 16:38:28,2025-07-21 16:52:28,2025-07-21,반려,3
767,6,82,2025-06-30 09:23:43,2025-06-30 09:44:43,2025-06-30,보류,4
768,9,198,2025-08-12 11:08:59,2025-08-12 11:50:59,2025-08-12,보류,4
769,11,112,2025-06-25 14:53:14,2025-06-25 15:27:14,2025-06-25,완료,3
770,15,47,2025-07-29 16:38:29,2025-07-29 17:08:29,2025-07-29,이관,4
771,11,80,2025-06-20 14:05:48,2025-06-20 14:24:48,2025-06-20,완료,5
772,10,187,2025-07-02 11:08:59,2025-07-02 11:43:59,2025-07-02,완료,5
773,4,93,2025-08-11 14:53:14,2025-08-11 15:15:14,2025-08-11,완료,5
774,2,5,2025-08-20 13:06:49,2025-08-20 13:36:49,2025-08-20,반려,5
775,1,31,2025-07-03 13:59:39,2025-07-03 14:41:39,2025-07-03,이관,3
776,12,86,2025-06-25 11:08:00,2025-06-25 11:25:00,2025-06-25,보류,3
777,4,157,2025-08-05 14:54:15,2025-08-05 15:20:15,2025-08-05,반려,4
